clusterID,atomID,clusterSize,atomCoordx,atomCoordy,atomCoordz,xcm,ycm,zcm,rgxx,rgyy,rgzz,rgxy,rgxz,rgyz,l1,l2,l3,rg,asphericity,acylindricity,anisotropy,aspectratio
150,149,4,-3.183643102645874,-24.36212158203125,23.18672180175781,-2.6101667881011963,-24.033705234527588,21.93701934814453,0.1106618238917462,0.2141547052458463,0.9392032688501786,0.0739186577864075,-0.2573767843737187,-0.407597323966911,0.0007123141818406,0.0758109755695857,1.1874965082363458,1.1242863505298692,1.1492348633606326,0.0750986613877451,0.8292748576125734,40.83009356365539
210,209,4,9.852622032165527,-15.353490829467772,-6.957962989807129,9.240349054336548,-15.755079984664915,-7.420767426490784,0.3078519812867739,0.2010443200876466,0.287437058196403,-0.0821646100560542,0.2889643556374324,-0.1124468736300912,0.0050274436230726,0.1606047026330152,0.6307012133147353,0.8923751226758976,0.5478851401866913,0.1555772590099426,0.50198365687044,11.200521102946125
511,510,9,-24.66277313232422,19.869495391845703,-24.507648468017575,-25.154468960232204,19.714521196153427,-22.924511591593426,0.3664074750710746,0.7866309114109709,0.8618651582655731,-0.3091906127985656,-0.3674434016606095,0.4234809502961946,0.1545136209892102,0.4004055726941564,1.4599843510642525,1.419472981337658,1.182524754222569,0.2458919517049461,0.3556084109084389,3.073906938777242
870,869,5,6.6953630447387695,-4.63097620010376,-1.0949851274490356,6.1878382682800295,-3.937158393859863,-0.4722472496330738,0.3932740804429704,0.2339934350134035,0.1530362312541256,-0.0478263413184458,-0.2145558292143695,0.0867894362460845,0.0147243785051388,0.2226760303184785,0.5429033378868826,0.8833480326069109,0.4242031334750739,0.2079516518133396,0.3488098317525678,6.072153887968246
891,890,4,-27.35630798339844,7.499261379241943,-6.100924015045166,-27.16953420639038,7.859774351119995,-6.532974362373352,0.0581949827962944,0.2445579555836161,0.3099279698058552,0.1192442675147731,0.0410127756720726,0.0877256645102591,3.3389179317666606e-05,0.2094316174660063,0.4032159015404419,0.7827393615922008,0.2984833982177799,0.2093982282866887,0.3249473505515461,109.8919685552812
991,990,4,-22.279294967651367,-24.60941505432129,-20.160863876342773,-22.307812690734863,-24.01001787185669,-20.748231410980225,0.1632114918438674,0.1275683090668735,0.5321432959760841,-0.0382513730933169,-0.253694413193898,-0.0679970958087778,0.0001542644026418,0.1578995961002628,0.6648692363839208,0.9071510882354854,0.5858423061324685,0.1577453316976209,0.5343659257707728,65.6500798071718
1071,1070,6,0.0809519812464714,8.022785186767578,-10.582751274108888,0.369039968897899,9.064704100290934,-10.843011538187662,0.1411740959922495,0.6343009288222118,0.1605743046998718,-0.0752362842386479,-0.0560240670321824,0.0332711370351211,0.0913840692635284,0.1956351685314253,0.6490300917193796,0.967496423515009,0.5055204728219027,0.1042510992678968,0.3009651612388534,2.664999733911133
1250,1249,4,26.40592384338379,27.558273315429688,22.923583984375,26.794984340667725,27.344006538391117,22.38141822814941,0.1558683638384081,0.1536598629472791,0.1646348374251829,-0.0215265152214669,0.0083582143242892,0.0102921414636512,0.1283860833133795,0.1693219141372957,0.1764550667601949,0.6885949928738012,0.0276010680348573,0.0409358308239161,0.0089784288156892,1.1723521699978614
1590,1589,7,-23.8294677734375,20.11129570007324,-13.650879859924316,-23.0737487248012,20.0465875353132,-13.569559233529228,0.3791637837294933,0.2606576621159436,0.6574531979592338,-0.1279879293152236,0.1778098148308939,-0.1427497371160472,0.176862119515881,0.3134681083233934,0.8069444159653956,1.138979650303143,0.5617793020457583,0.1366059888075123,0.1958450712376848,2.136015489382808
1771,1770,4,24.856143951416016,-24.300987243652344,-7.703461647033691,23.94076633453369,-25.22195196151733,-7.333733916282654,0.3352680450925618,0.5003513401413784,0.1400751372931807,0.3896552605424404,-0.1392754872489376,-0.1414293259070405,0.0147163810313104,0.0913339738207115,0.8696441676750982,0.9877725054521006,0.8166189902490872,0.076617592789401,0.7051297369648586,7.687237206628317
1871,1870,5,-3.52018666267395,3.5757899284362797,-14.172768592834473,-3.226718521118164,2.9810083389282225,-13.91386890411377,0.412789332994671,0.237388895521085,0.4723716977630829,-0.2057497841814506,0.3542248611882314,-0.2944195333808693,0.0312212969034584,0.1199931627449819,0.9713354666303984,1.05950456642661,0.8957282368061783,0.0887718658415235,0.6413996079662945,5.577751396635197
1951,1950,4,5.575470924377441,12.528635025024414,-11.77273178100586,6.472811579704285,12.468728303909302,-12.200448274612429,0.5223792686017958,0.1433706913491619,0.0773058359097262,0.0789305333854883,-0.1730136026716593,0.0209498571039716,0.0024451706189822,0.1485411537222363,0.5920694715194654,0.8620068421194138,0.5165763093488561,0.146095983103254,0.5123034958035533,15.560793873799408
2331,2330,4,1.7672959566116333,9.08738613128662,26.69325256347656,1.4724231213331225,9.972139596939089,26.751462936401367,0.1533920046852788,0.3525509870666496,0.0971900815620756,-0.0329146276334562,0.0319475499011332,-0.0424176813826306,0.0801915457632452,0.1568066113442655,0.3661349162064936,0.7766164261165251,0.2476358376527382,0.0766150655810202,0.1806800970123127,2.136762636745711
2390,2389,4,6.079568862915039,14.662409782409668,26.86227226257324,5.884881019592285,14.152657985687256,27.53683090209961,0.024334238793358,0.2770850525141668,0.5161020226751134,0.0345129685471192,-0.0480864000899146,0.1476190325502102,0.0092990744023248,0.2202345803158003,0.5879876592645129,0.9041688525837628,0.4732208319054503,0.2109355059134754,0.3849954715434832,7.951777954434481
2930,2929,5,-27.95671844482422,-16.924665451049805,-5.329161167144775,-28.410284423828124,-15.765384864807128,-4.968026256561279,0.1511908121223678,0.6145325473885896,0.1316748381559045,-0.0565831358017749,-0.0684055120695484,0.2155728943753093,0.0320646667754412,0.1577820168404065,0.7075515140510137,0.9473110353346792,0.6126281722430897,0.1257173500649653,0.4807594766611865,4.697487864604312
2991,2990,5,14.201382637023926,-3.034940004348755,-8.412310600280762,13.384343719482422,-3.198534345626831,-8.5635196685791,0.304277701346873,0.4118431393677974,0.1687925388612347,0.2390505485133963,-0.095504130663794,-0.1155630537042907,0.11249324126941,0.1226180605545439,0.6498020777519509,0.9406983467487888,0.5322464268399738,0.0101248192851339,0.3618610488809911,2.4034070606354705
3071,3070,4,14.49256992340088,-17.786697387695312,16.77412223815918,15.0524582862854,-17.53193712234497,16.827149868011475,0.1463275853177492,0.1578132712845672,0.2350381096828186,-0.0039029891579502,-0.0202546697194065,-0.0828511017418804,0.1005143316000597,0.14925085701837,0.289413777666705,0.734288067644528,0.1645311833574901,0.0487365254183102,0.0992451384488882,1.696858414960634
3250,3249,7,-14.010726928710938,1.9793968200683596,20.56038475036621,-14.895993641444615,1.8631619725908557,20.811328070504324,0.6162981682944668,0.235658448426371,0.4246907338267786,-0.1030480391361625,0.326953000288661,-0.1421182475681986,0.1356801942955371,0.237438586324664,0.9035285699274144,1.1298882026765371,0.7169691796173137,0.1017583920291269,0.3201630698187045,2.5805526035836444
3410,3409,6,-5.584114074707031,-6.279132843017578,-26.7464656829834,-5.192753871281941,-6.047622521718343,-27.58075777689616,0.2150154847905633,0.2046175635336768,0.3047999010725309,-0.0721702375706804,-0.1158179064349396,0.0243712450008186,0.1098931896285744,0.2110163322740823,0.4035234274941143,0.8511362695812998,0.2430686665427859,0.1011231426455079,0.1271939787918822,1.916235967002197
3451,3450,5,-9.3694486618042,-7.922811985015869,17.098405838012695,-9.674989891052244,-7.9439952850341795,17.125687026977538,0.2621943259900581,0.155243124659828,0.3933640128138359,-0.0677293422399634,0.1587074905812914,0.1488876327242178,0.0087976439443549,0.2789675002640134,0.5230363192553535,0.9004451473930669,0.3791537471511693,0.2701698563196585,0.3019496127230047,7.710503396724451
3691,3690,4,15.676764488220217,8.60079288482666,-13.090821266174316,15.28889775276184,8.452500820159912,-13.296343088150024,0.2142258280775308,0.2001340981798876,0.2751750648755546,0.0966278335246215,-0.1804052076064977,-0.0866672982509726,0.0584514968826028,0.1453854827499674,0.4856980115004031,0.8303824366717865,0.383779521684118,0.0869339858673645,0.3216997033440933,2.882606383097983
3791,3790,4,-15.053848266601562,17.164125442504883,-21.916210174560547,-15.83290696144104,16.887845039367676,-22.23255586624145,0.5771512490275086,0.0896786659095596,0.1473152824116823,0.1325065966846068,-0.1141046799895093,0.022005480289863,0.030880357965296,0.1494895345633675,0.6337753048200871,0.9022999486582888,0.5435903585557553,0.1186091765980714,0.4617178933955065,4.530295108758294
3830,3829,4,-10.508837699890137,22.32190704345703,-22.231752395629883,-11.07784628868103,22.03470516204834,-22.351089477539062,1.089063741063626,0.098080075845246,0.0201044186524086,-0.0767489969118742,-0.067825686965989,0.0428141920174311,0.0002309338701181,0.1073807141395906,1.0996365875515708,1.098748486033669,1.0458307635467163,0.1071497802694725,0.7563717977685732,69.0050339421125
4150,4149,6,-10.581860542297363,14.353293418884276,-20.764034271240234,-10.960774103800455,14.301744302113852,-21.192833582560223,0.2594172039088234,0.442693180857355,0.373086214622971,0.0515585670817826,-0.0826149802127878,0.2297003331713212,0.1123775935316969,0.3220036580496334,0.6408153478078187,1.0369168719763169,0.4236247220171535,0.2096260645179364,0.1837426044573382,2.387957474436936
4251,4250,7,-26.26301383972168,-0.2417512089014053,-27.839866638183597,-26.89604922703334,-0.8349219965083259,-27.08382606506348,0.2623206053305731,0.521991116809566,0.6045053743270857,0.3119581107773834,0.0432176472604624,0.234166716861917,0.0365563121130734,0.4535186746127344,0.8987421097414169,1.1784808426390414,0.653704616378513,0.4169623624996609,0.2891534613576476,4.95834060970525
4290,4289,4,-9.440261840820312,5.239027500152588,25.158994674682617,-9.235677719116213,5.452982187271118,24.857659816741943,0.1150890061421705,0.1876771383436448,0.4517388611682236,0.0209065914006032,-0.0340892966664796,0.2463481357279988,0.0260086477956169,0.1285795512013127,0.5999168066571092,0.8686224759088604,0.5226227071586445,0.1025709034056957,0.4936519304828066,4.8027129198746055
4411,4410,6,-25.66531753540039,-24.53387451171875,28.110862731933597,-25.972618738810223,-25.13596534729004,27.726381301879883,0.1983216805512913,0.2110929273573371,0.475152593862731,0.0324032949132136,-0.1406156115875395,0.1046906890939377,0.0916312097648736,0.2376325365625079,0.5553034554439783,0.9405143283179476,0.3906715822802875,0.1460013267976343,0.2154893058919787,2.461747342532708
4811,4810,4,12.08057975769043,23.32477569580078,-1.898554801940918,11.679136991500854,24.00016832351685,-1.5173485577106476,0.0562940810693248,0.6670252173887548,0.1143252048622853,-0.1056977153419893,-0.0444887977280998,-0.0976295344596991,0.0025212008021846,0.136665169164628,0.698458133353553,0.9152292080787008,0.6288649483701466,0.1341439683624433,0.582866185734086,16.64433587842194
4831,4830,6,20.071516036987305,25.91254234313965,-4.0292181968688965,19.84788862864177,26.62586847941081,-3.187322775522868,0.1406316453302578,0.5937216626997623,0.2167969752747214,0.0743676122894814,-0.0270916537127858,0.0736256783997709,0.1130995991709751,0.2206594088133644,0.617391275320402,0.9752693388519612,0.4505117713282323,0.1075598096423892,0.2339347453972566,2.336413522168297
4930,4929,5,22.519926071166992,0.0843996107578277,16.773378372192383,21.62090530395508,-0.3242809236049652,16.951205444335937,0.3018779875832843,0.1935717399888138,0.1511119463766226,0.0670537221085533,-0.0315187409728241,-0.0169423469848356,0.1442106596708931,0.1616949932919824,0.3406560209858452,0.804090588148326,0.1877031945044074,0.0174843336210893,0.084828236923173,1.5369486327826156
5631,5630,4,-24.158241271972656,23.94393920898437,10.685735702514648,-24.359434604644772,24.123969078063965,11.12183117866516,0.4379551037061446,0.0889640337290984,0.1180994890352735,-0.0371000254567661,0.0952203743196378,0.05619872759803,0.0258773194483796,0.153794525856932,0.4653467811652045,0.8031305164607533,0.3755108585125487,0.1279172064085524,0.3684193523711129,4.240613714485178
5750,5749,5,-3.0040318965911865,-13.140687942504885,-9.038330078125,-3.302029180526733,-12.534423065185546,-8.39967393875122,0.2914499280243353,0.4001993535258952,0.2557801357792414,0.1377640395721664,0.1515236842873037,0.2667632599485841,0.0439712757707794,0.2000583833570718,0.70339975820162,0.973359860138824,0.5813849286376944,0.1560871075862923,0.3969161020218145,3.999600133385096
5851,5850,5,2.570883750915528,-9.189967155456545,-18.952795028686523,2.0094358921051025,-8.976397895812989,-19.368169021606445,0.2586089701787614,0.151303888254406,0.4114536717950249,0.0856630132533609,0.1774574096958531,0.1718109606873622,0.0658315044561505,0.1475374147839997,0.6079976109880423,0.9062927398077248,0.5013131513679672,0.0817059103278492,0.3799369093251524,3.0390234154619327
5871,5870,4,8.079612731933594,-6.6059160232543945,-22.40310287475586,7.9412442445755005,-6.8536306619644165,-23.337142944335938,0.1231377755562306,0.0543148124922225,0.4447137687584472,0.0682168038586752,0.0667530641919711,0.0581456247423375,0.011771224471116,0.1402210354097893,0.4701740969259953,0.7887752257816549,0.3941779669855426,0.1284498109386732,0.433362686560821,6.320021107883631
6050,6049,4,10.511427879333496,-5.696126937866211,14.096429824829102,9.527279376983644,-5.114404916763306,14.324495315551758,0.4558549627984121,0.2168622614368018,0.0945439466158859,-0.2409950631974879,-0.1195083859602164,-0.0116885500556236,0.0002514751239102,0.1441154793849621,0.622894216342228,0.8759344557962658,0.5507107390877918,0.1438640042610519,0.5415500808180409,49.76908241523783
6511,6510,4,20.227922439575195,-1.753491997718811,-13.333338737487791,20.35114622116089,-1.990611672401428,-13.893751621246338,0.159247828537218,0.1454440126962524,0.1431273301502642,0.0147924929964915,0.0058679088126609,-0.0147940689135452,0.1234682619961834,0.1551995753895947,0.1691513339979563,0.6691929253838048,0.0298174153050672,0.0317313133934113,0.0081989576179375,1.1704693512223985
6591,6590,6,-3.9401142597198486,-3.552639961242676,-5.822202205657959,-3.5186979373296103,-3.1102062463760376,-6.020693302154541,0.1180764721232855,0.2513426974586299,1.2023519528910735,-0.0525655168120569,-0.2239424158418236,0.3809418895737622,0.0653278485026603,0.1287730195528449,1.3776702544174848,1.253702964211615,1.2806198203897323,0.0634451710501846,0.6650595939819887,4.592228219989143
7010,7009,5,22.97227478027344,-10.554542541503906,-14.321022033691406,23.557509231567384,-11.228173446655273,-14.907347869873046,0.2570877103580278,0.2786203811896121,0.1953965298152616,-0.0642763675480091,-0.0239469666359946,0.1906860367703848,0.0395646968865061,0.2377045672360246,0.4538353572403708,0.8550465609327375,0.3152007251791053,0.1981398703495185,0.2409591913037852,3.386844383570764
7250,7249,5,4.085119247436523,-20.746013641357425,4.57828950881958,4.357186269760132,-20.8314998626709,5.742187690734864,0.2669685580038367,0.158203283654584,0.5620742865822286,0.0858891192261217,0.3003396276557714,0.0563188333897051,0.0585358730159636,0.165143276642484,0.7635669785822021,0.9936026007618186,0.6517274037529783,0.1066074036265204,0.4445393490594627,3.611707069952056
7410,7409,5,5.75810432434082,18.80707359313965,-14.891791343688965,6.233800983428955,18.95199317932129,-15.257685279846193,0.2080245839228519,0.3994867149880156,0.1619201178322691,-0.0524288828827775,0.0704253663288545,-0.1891253839716955,0.0483386520129123,0.196668628740491,0.5244241359897328,0.8771723985301499,0.4019204956130311,0.1483299767275787,0.3007330940173693,3.2937760549589217
7611,7610,4,22.5849666595459,-5.767745018005371,27.81201934814453,23.165424346923828,-4.737138211727142,27.425641536712646,0.2617607881311414,0.4693679441816805,0.1450634804484707,0.1761731322865216,-0.1813106257932304,-0.1626415239848881,0.01047761459096,0.1922816465175398,0.6734329516527919,0.9360513942948282,0.5720533210985419,0.1818040319265798,0.4585497787527933,8.017075468558275
7711,7710,7,-15.695085525512695,-28.02934455871582,5.339198589324951,-16.087125641959055,-29.7871276310512,4.725512334278652,0.2036048432836075,0.9858462031800312,0.2303228516201721,0.0957053522115715,-0.0336013089124105,0.2181716501605311,0.1254201794112378,0.2417356482712033,1.052618070401369,1.1915426547479575,0.8690401565601484,0.1163154688599655,0.3796972601244916,2.8970213900739568
7830,7829,6,-19.491817474365234,3.1173009872436523,17.168169021606445,-19.73268985748291,2.995805243651072,17.309420585632324,0.2951512679595301,1.0875396857984867,0.0417499146093784,-0.2341665639502063,-0.0247067945883827,0.1565795708719974,0.0184102548517101,0.232524579564201,1.1735060339514836,1.1934994211843568,1.048038616743528,0.2141143247124909,0.5582803863464931,7.983857250706578
8530,8529,4,-21.09244728088379,-8.070480346679688,-6.322795867919922,-21.009803295135494,-8.0240957736969,-5.795677542686462,0.3197631304999504,0.1357211507344686,0.1363394983538199,0.1142975895264726,-0.0190607924574237,-0.0655045751145451,0.049051874106427,0.1596125291669972,0.3831593763148148,0.7693008381564648,0.2788271746781027,0.1105606550605701,0.2481399019890389,2.794872022947255
8571,8570,4,18.9243221282959,-4.044083118438721,24.92010307312012,18.1492772102356,-3.72514009475708,24.816476345062256,0.4312904027290187,0.0906294072042612,0.2330549209843866,-0.1366493388727576,-0.1701087497656317,0.087310468063265,0.036745068143601,0.1358113768196316,0.582418285954434,0.8688928190045461,0.4961400634728177,0.0990663086760305,0.4447744105732995,3.9812364574437016
9030,9029,4,7.427456855773926,-8.561751365661621,-6.724829196929932,8.169251441955566,-8.604353070259094,-7.010051846504211,0.2465354786877469,0.306816808542905,0.1282724405734114,-0.1493664200822877,-0.1210783970385591,0.1081574621912722,0.0514363117260724,0.1313928391899201,0.4987955768880713,0.8256056733114567,0.407381001430075,0.0799565274638477,0.3675194914743758,3.1140557762602383
9170,9169,4,-7.974401950836182,25.49361038208008,18.764732360839844,-7.385504364967346,25.672662258148197,19.683035850524902,0.2155608227258625,0.0551311942897427,0.4312833626054271,0.101745776310679,0.1837350336949157,0.0604596934404071,0.003468716453698,0.1405960470600069,0.5579106161073275,0.8378397099809919,0.485878234350475,0.1371273306063089,0.5077031369218907,12.682296796178244
9311,9310,4,13.337594032287598,-17.343368530273438,-18.412267684936523,13.766613960266112,-17.21399688720703,-17.916030406951904,0.1490774580529432,0.1426676444407348,0.2040332736075925,0.0323858022920831,-0.0311405700740579,0.0257044863101327,0.0981845899035075,0.1777530017645362,0.2198407844332269,0.7041153144913628,0.081871988599205,0.0795684118610286,0.0465888883764892,1.496347516803633
9570,9569,4,-3.3230912685394287,-14.388240814208984,0.4441797137260437,-3.5687367916107178,-14.523371934890749,1.2232540994882584,0.1599114402480665,0.1429354059584398,0.2062618054373224,0.0090526259166381,-0.0677700643753098,-0.0121447438493298,0.1114604660429519,0.140922844697292,0.2567253409035846,0.7135185012624611,0.1305336855334626,0.0294623786543401,0.0682509215845373,1.517658093557556
9650,9649,8,-21.499446868896484,20.19654655456543,-6.029901027679443,-20.64003324508667,21.171001195907596,-7.43729031085968,0.588796187395701,0.2213504416581031,0.779868456964877,0.1015115605633809,-0.4849460059319312,-0.1683641865224956,0.1584961617230474,0.214872758543608,1.2166461657520269,1.2609580032731789,1.029961705618699,0.0563765968205605,0.4205469246954645,2.7705932459096645
9771,9770,8,23.54328346252441,20.945262908935547,7.05816650390625,23.22887897491455,20.316537857055664,7.671386241912842,0.7139957567205784,0.3152886145089724,0.3143606325681389,0.3173043356655398,0.0012317181939351,0.0696678312989433,0.1209109720911422,0.3312464439530349,0.8914875877535114,1.159157022925578,0.6654088797314228,0.2103354718618926,0.2636282862156202,2.715343605820265
9970,9969,4,13.06455421447754,21.54617500305176,-9.160643577575684,13.213491439819336,20.55176687240601,-8.82391095161438,0.1565114271820675,0.3796275514475837,0.2434149484381009,-0.0557945931973336,0.1488698852983816,-0.1836562023264605,0.027855786761317,0.198969860073027,0.5527282802334086,0.8829235114480488,0.4393154568162365,0.17111407331171,0.353721507722557,4.45449143541511
10370,10369,4,-3.7096431255340576,23.63121223449707,6.926917552947998,-4.223434507846832,22.960772037506104,6.589338064193726,0.146624878361262,0.3112825208161212,0.1574233345675679,0.0718463422399793,0.1066056457285213,0.1408958831890459,0.0337342764685558,0.1396870625922313,0.4419093946841641,0.7844301968594473,0.3551987251537706,0.1059527861236755,0.3554524190636621,3.619352790348706
10411,10410,4,-27.34086799621582,-12.980740547180176,-16.72731590270996,-26.404674530029297,-13.17495894432068,-17.063040733337402,0.4351637910240242,0.0583115696405798,0.1566062171050362,-0.0482803626046006,-0.0989693179790265,-0.0506177245663366,0.0189289527223489,0.1620603608857652,0.4690922641615256,0.8062763656275929,0.3785976073574686,0.1431314081634162,0.3755296342457122,4.978125513161716
10470,10469,4,-22.643590927124023,-21.908552169799805,-26.921689987182617,-22.764320850372314,-21.04195785522461,-26.83490419387817,0.1439283475508546,0.3541548898665496,0.0658247378912619,-0.0029928713856861,0.010693570597823,-0.0489523348032889,0.0565800765197184,0.1449875271868725,0.3623403716020751,0.7509380635636113,0.2615565697487795,0.088407450667154,0.2335709684090224,2.5306180271403043
10630,10629,8,21.063621520996094,-9.246315956115724,-6.715489864349365,19.48283839225769,-9.857977271080015,-5.8336628675460815,1.2124219374654217,0.2867971814850847,0.2118161832589606,-0.0875754657510867,-0.1286202691948972,-0.0769313254564423,0.1411551630159661,0.3348505246982004,1.2350296144953012,1.3080654808569288,0.997026770638218,0.1936953616822342,0.3491550091046948,2.957946412312852
10971,10970,5,4.2131452560424805,-20.83094787597656,-0.4712274670600891,3.522091245651245,-20.22467994689941,-0.4206305921077728,0.2495369983951059,0.5504847269708989,0.1524840091716326,-0.2208779060921188,0.1111251519039459,0.0156706129058534,0.0355452879136201,0.2467673786280879,0.6701930679959294,0.9759640026853642,0.5290367347250753,0.2112220907144677,0.3453678852927928,4.342191247224851
11231,11230,5,-12.979059219360352,19.7338981628418,2.6307811737060547,-13.12532787322998,19.846015167236327,1.8004007577896115,0.0409711842339311,0.3784349104005377,0.3381172824436044,-0.018723442966293,0.0024876103630003,0.0850098911765781,0.0397496391167503,0.2717026186529425,0.4460711193083802,0.8703581889533029,0.2903449904235338,0.2319529795361921,0.2172234245234414,3.349927884875843
11711,11710,4,4.310445308685303,-11.355984687805176,16.725744247436523,3.7290825247764583,-10.807440757751465,16.421561241149902,0.4662359355652476,0.1813791867934924,0.1177689436635773,0.0514004907171283,0.189838555646304,0.0230888330388552,0.0343267828952734,0.1729530184835437,0.5581042646435002,0.8748623126082854,0.4544643639540915,0.1386262355882703,0.3771696263246643,4.0321912134390585
11771,11770,5,5.213438034057617,13.79498291015625,9.287200927734377,4.953380584716797,14.464232444763184,8.647702598571778,0.1320862183244571,0.2094348094295128,0.2773969054071494,-0.0414019949554131,0.0406456567293389,-0.1090178044272761,0.1132810563137921,0.1342984383672392,0.3713384384800879,0.7867133742101499,0.2475486911395722,0.021017382053447,0.1608409843521227,1.8105324306206336
12150,12149,5,-17.772436141967773,-9.570796012878418,23.558319091796875,-17.765374374389648,-10.068097496032715,23.216997146606445,0.2928056474318145,0.0957132573063427,0.4594681438291445,-0.0972176462110655,0.0336499977565836,0.0236786064484476,0.052859882623605,0.3290511141851314,0.4660760517585654,0.9208621224522712,0.2751205533541972,0.2761912315615263,0.1848224677966453,2.9693767035771206
12411,12410,4,2.112001419067383,0.0072157648392021,-21.21051979064941,1.5625771582126615,0.2886785949813202,-21.63967084884644,0.1675221018643666,0.1568607693565734,0.1946161448693146,0.0329213681928519,0.0312173829697002,-0.0513764169432285,0.0936387292332204,0.1938884379151097,0.2314718489419245,0.7204158632972033,0.0877082653677594,0.1002497086818892,0.05654233771208,1.5722490272842171
12591,12590,5,8.374241828918457,-22.003585815429688,-9.241192817687988,7.977404689788818,-22.08366241455078,-8.961457633972168,0.4394331082931239,0.1415100314718438,0.5006893747539289,0.0870924397342969,-0.1778196118126834,0.111349984119297,0.0575954396375252,0.3716963218708266,0.6523407530105441,1.04001563186276,0.4376948722563681,0.3141008822333014,0.2269978330878739,3.3654504941556413
12811,12810,7,3.6675846576690674,6.251733779907227,5.276668548583984,4.090765748705183,5.166170597076416,5.379850660051618,1.2626720308914177,0.6744194417081937,0.1094160270150793,-0.7241744336161641,-0.1176604471004431,0.0350830902713953,0.0876573768322824,0.2003454059264734,1.7585047168559342,1.430561952386086,1.6145033254765564,0.112688029094191,0.6246476620453484,4.478963607323021
12930,12929,4,-1.3859280347824097,1.489598035812378,18.41223526000977,-0.3413812518119812,1.5992824286222458,18.92088460922241,0.5154184401264548,0.1753117541682296,0.1885053919202164,-0.1134335410410614,0.2428615970819976,-0.0089204100203872,0.0414042864613897,0.1708363293311411,0.6669949704223698,0.9376756295302232,0.5608746625261043,0.1294320428697514,0.4231843606455141,4.013641949822376
13010,13009,5,-4.160415172576904,0.3161500692367553,-19.25221824645996,-4.076428365707398,-0.1534144341945648,-19.63667106628418,0.3964999154870929,0.1402516859668197,0.1984734311787178,-0.0437218478958112,0.1512965666736818,-0.0152712235149806,0.11402615963653,0.1368188867074913,0.4843799862886092,0.8574526416267143,0.3589574631165985,0.0227927270709613,0.2390873985824353,2.0610610043853512
13071,13070,5,19.206729888916016,27.05062294006348,-21.201128005981445,19.48036117553711,27.400059509277344,-22.25653381347656,0.1110170067529543,0.7634436069021466,0.567739400146238,0.25460086084262,-0.1838528237423452,-0.5129285655412241,0.0231607681500608,0.1466854213808398,1.2723538242704382,1.2009163225642905,1.187430729504988,0.1235246532307789,0.6834018726870744,7.411864483389312
13250,13249,4,1.0839693546295166,8.093911170959473,2.3731250762939453,0.3452869430184364,7.910205245018005,2.4989331364631653,0.5359771801681626,0.3195302063674461,0.0237651731534178,-0.2849765579020902,-0.1006178077256767,0.0559566229827979,0.0046854665598604,0.1239278820063302,0.7506592111228363,0.937695344815696,0.686352536839741,0.1192424154464698,0.623116365001371,12.65741407046588
13371,13370,6,-22.10610008239746,14.949881553649902,5.0310163497924805,-21.65194034576416,15.270736853281656,5.258135080337524,0.2078970348954195,0.6253354993094086,0.2343569271848954,-0.0650449895533711,0.0970963057210762,-0.2143196976034005,0.0981528258575807,0.2309131633487352,0.7385234721834084,1.0332422084824664,0.5739904775802505,0.1327603374911545,0.3006667016168513,2.7430312012910507
13771,13770,4,7.658761024475098,-18.76011085510254,25.29656791687012,7.485159873962402,-19.3397216796875,24.70086097717285,0.1967570108521386,0.2522037984799681,0.1287890684561716,0.0230270560334702,0.0768497405615562,0.1238014717973783,0.0334221745902011,0.1910183028655904,0.3533094003324862,0.7600985974123868,0.2410891616045904,0.1575961282753892,0.2299357590086345,3.25132396043251
13810,13809,5,9.693699836730955,-24.82628631591797,20.17397117614746,9.142230033874512,-24.705485534667968,19.95832939147949,0.2136993743988569,0.2306603903629001,0.2695317674669786,-0.0856236378444009,-0.1365998132423556,0.0992935227447014,0.1020055890753691,0.1549265684163602,0.4569593747370062,0.8449210212965088,0.3284932959911415,0.0529209793409911,0.215854478339023,2.1165416137651283
13851,13850,4,-12.974000930786133,28.00581741333008,-25.60939598083496,-13.178431510925291,27.50505828857422,-25.67799186706543,0.1018127070155969,0.090269623311542,0.3646756013349659,0.0458124271644919,-0.0718167048707982,0.0402724580299036,0.0313787033371417,0.1396794244934417,0.3856998038315215,0.746162134969408,0.3001707399162298,0.1083007211563,0.3190510708739554,3.5059620626134103
13970,13969,4,13.796895027160645,-2.4658660888671875,21.724201202392575,13.714345932006836,-2.1811075806617737,22.048240661621094,0.459093575298084,0.101500791871846,0.0599203638630569,0.1079338951520583,-0.0485609159104569,0.0518464419789097,0.0012309492921635,0.1275787989468102,0.491704982794013,0.7877275741225432,0.4273001086745261,0.1263478496546466,0.5052954479269645,19.986291771111187
14491,14490,6,-6.643019199371338,11.243821144104004,10.82647705078125,-6.102112929026286,11.987137794494627,10.189191818237305,0.2369643873665962,0.2976019259940585,0.3533482629336504,0.0151387665400003,0.0244152495634655,-0.1875832196571233,0.1288697691762693,0.2436592425095311,0.5153855646085046,0.9422921926315132,0.3291210587656044,0.1147894733332618,0.1499293429100413,1.999818583639672
14571,14570,4,-18.930368423461918,22.949216842651367,7.255890369415283,-19.525696277618408,22.69324922561645,7.572636485099792,0.1758259039550012,0.150494709806253,0.1527966841245387,0.0039925881885665,-0.0095987903408172,0.0095463316018253,0.1395525863315967,0.1602526178625334,0.179312093691663,0.6921829945078058,0.029409491594598,0.0207000315309366,0.0051678030110501,1.1335373793123058
15071,15070,5,18.588117599487305,7.034803867340088,-17.729629516601562,18.689965057373048,7.901244258880615,-17.988144302368163,0.1502356227015843,0.3019865767089323,0.1329873524859431,0.0250679846424827,-0.0303671529528219,-0.0382121095948241,0.108607860257401,0.1605079042367574,0.3160937874023013,0.7649899031336688,0.181535905155222,0.0519000439793564,0.1021271158176025,1.7059934183058902
15291,15290,5,-24.433822631835938,25.9703369140625,-28.195985794067383,-24.71213302612305,26.33783874511719,-29.010570526123047,0.1861044765776023,0.4490590554740629,0.4351528520754072,0.1867300776191405,0.2012226094295329,0.2255581538396654,0.0609224298471039,0.21749706536983,0.791896888910138,1.034560962015807,0.652687141301671,0.1565746355227261,0.3879155690924944,3.605335709616329
15371,15370,4,-3.67617416381836,-4.566840648651123,-19.087207794189453,-3.568082869052887,-4.432436227798462,-19.776878833770752,0.1411235575998937,0.1615313227421779,0.1604590429185464,0.0212060499300577,-0.0119112442013431,-0.0190579919866422,0.1277939984627826,0.1440605782358563,0.1912593465619789,0.6805247411083729,0.0553320582126594,0.0162665797730737,0.0152003515067348,1.2233651496941966
15510,15509,4,9.098174095153809,17.109647750854492,21.490381240844727,10.18345046043396,17.410242080688477,22.070286750793457,0.5082965109183419,0.065127228923302,0.282061146009255,0.1679660198547026,0.2309639336842792,0.0410358126400751,0.0021263305083041,0.1578557513636402,0.6955028039789544,0.9249242595212316,0.6155117630429822,0.155729420855336,0.5425170297577931,18.08564731126033
16091,16090,4,-16.10292625427246,25.750829696655277,-0.2598481774330139,-16.02978491783142,26.209650993347168,0.183388196863234,0.1903119394702912,0.1464368158967772,0.1538116085134463,-0.0202371310836042,0.0039554772585306,-0.0101630002397525,0.1349494719387394,0.1561672765070807,0.1994436154346945,0.7004001455457549,0.0538852412117843,0.0212178045683412,0.0134688251557487,1.215694563025652
16491,16490,4,-6.499053478240967,-22.49089813232422,-27.09932518005371,-5.936793565750122,-22.68006563186645,-27.06627321243286,0.1520614554381723,0.0339012024621752,0.3511008521261374,-0.0040521246472735,0.0027518393925447,0.0128645078546014,0.0332346458340191,0.1521736229088955,0.3516552412835703,0.7328461707797108,0.258951106912113,0.1189389770748763,0.269263230454877,3.252842382094447
16770,16769,5,-27.389976501464844,-16.025056838989258,6.77944803237915,-27.774960708618163,-15.717445945739746,6.808156967163086,0.6623625149930013,0.0752092650900886,0.163257849765796,-0.0231291030820284,0.1646705469291191,-0.002076080603183,0.073854306446559,0.1143669351654777,0.7126083882368488,0.9491204506535962,0.6184977674308304,0.0405126287189187,0.4729183859899582,3.106258203593546
16991,16990,9,-21.380691528320312,-0.5018170475959778,5.189740180969238,-21.88771629333496,-0.0915580060746934,5.519360330369738,0.2151843140131354,0.5116470223011216,1.3103636565618575,-0.074436364372357,0.2535176033988036,0.2559259111908945,0.1133316835227213,0.49701723834679,1.4268460710066029,1.4273033990277308,1.121671610071847,0.3836855548240687,0.3297600623908394,3.548239218000904
17211,17210,6,10.909038543701172,-15.840229034423828,15.947028160095217,11.490125020345053,-16.079285462697346,15.45371182759603,0.1643677979359886,0.1382763800679388,0.5068266800543723,0.0018440431188335,0.0555277464969145,-0.0761982671626558,0.1189644063110035,0.1605316542232472,0.5299747975240494,0.8997059842294594,0.390226767256924,0.0415672479122437,0.2343753241790728,2.11066392821861
17471,17470,4,-0.7458072304725647,-3.1884567737579346,7.583582878112793,-1.116072803735733,-3.885978221893311,7.778578758239746,0.220478029843627,0.2447719437252828,0.0841392131084148,0.1060373242697387,-0.0484099015267887,0.0258261815705509,0.0473646644197911,0.1619774362875844,0.3400470859699491,0.7412079240518984,0.2353760356162613,0.1146127718677932,0.2161954500998212,2.679429264737281
17851,17850,4,-1.348983883857727,5.440737724304199,20.84900283813477,-0.3734292974695563,5.906585574150085,20.693276405334476,0.3559963660882554,0.3978297650827898,0.0892021076188029,0.19273113708369,-0.0763403833810292,0.0828011186041521,0.0144428574716166,0.2575575181302778,0.571027863187954,0.918165692448726,0.4350276753870067,0.2431146606586611,0.3286601178016445,6.2878487617567895
17951,17950,7,-15.80562973022461,-0.9025232791900636,-6.261897563934326,-16.781422206333705,-2.3135121720177785,-5.755242143358503,0.3205753808004523,0.7125361014545997,0.2603614222594489,0.278504724106193,-0.0245124163346895,-0.1248371602426659,0.1598491473127364,0.2524384601375237,0.8811852970642401,1.1373095025165754,0.67504149333911,0.0925893128247872,0.2762048259931397,2.347893854640903
18850,18849,7,1.0659499168395996,17.75881576538086,1.1418520212173462,1.5238721711294991,18.85734367370605,1.5631122163363866,0.5030419685653423,0.4759607200539903,0.2698758161443947,0.3070126423421503,-0.1230252317139617,0.0756220061634524,0.0789658527130214,0.3704094911292225,0.7995031609214837,1.1175323282857317,0.5748154890003616,0.291443638416201,0.2526883496361336,3.1819285826796877
18891,18890,4,-1.4267661571502686,27.605207443237305,-25.570215225219727,-0.7625261321663857,27.43414068222046,-25.84521532058716,0.1488745291814949,0.1906373701283428,0.1669700104273488,-0.0223296332455511,-0.0706595094589097,-0.0040902640969306,0.0831308064249368,0.1907276936231894,0.2326234096890606,0.7116754244296952,0.0956941596649975,0.1075968871982526,0.0695459100067711,1.672806517273135
19051,19050,5,-10.347345352172852,12.659451484680176,11.490777969360352,-11.211426544189454,12.03003749847412,12.325317764282229,0.3115631361722626,0.2146502668680477,0.3266743761067482,0.1386519414271606,-0.1998622648911623,-0.1653167654676872,0.0958064597128153,0.126453997516212,0.6306273219180307,0.9235192359377568,0.519497093303517,0.0306475378033966,0.371975735931517,2.5656002852726867
19151,19150,4,-12.507403373718262,22.338525772094727,17.594606399536133,-12.41755485534668,22.856547355651852,18.023250579833984,0.1372229903467996,0.1540210765260781,0.2134096587087697,-0.0195726470565205,-0.0178598158604472,-0.0076717718693544,0.1203773510963001,0.1667090099912627,0.2175673644940844,0.710389840567591,0.0740241839503029,0.0463316588949625,0.0278375816897064,1.3443875571570445
19490,19489,8,-2.164367914199829,-22.951133728027344,10.714485168457031,-2.425269693136215,-23.400439262390137,11.07098150253296,0.5459112428994208,0.1758711829961612,0.498953122092189,-0.1273996448494756,0.0181526465722896,-0.1293837311238803,0.1006287031073562,0.5006444826889784,0.6194623621914365,1.1048690184758423,0.3188257692932691,0.4000157795816221,0.1487451627015327,2.4811128862529985
19551,19550,5,21.669588088989254,22.011865615844727,-8.542145729064941,21.872044372558594,21.84721450805664,-9.14884433746338,0.2397817000304349,0.3417054438695777,0.2381084291448497,0.0480813146774016,-0.1819682457632734,-0.0573803843976929,0.0568060733256386,0.297025960418303,0.4657635393009209,0.9053151788437344,0.2888475224289501,0.2402198870926642,0.1886335054641726,2.863422011472819
19590,19589,5,21.77446937561035,17.42263412475586,-7.903977870941162,22.74704933166504,17.30019302368164,-8.142336559295654,0.4465848762833048,0.4482935135363369,0.0426457628505522,0.1080310736753744,-0.0098399088863516,-0.0379257972273626,0.0391302986324318,0.340687356245809,0.5577064977919534,0.9682583088567814,0.3677976703528329,0.3015570576133771,0.2315003865808671,3.775254822954544
19691,19690,6,-15.726043701171877,-16.01626205444336,-5.868640422821045,-16.61395835876465,-15.257918198903402,-5.5114946365356445,0.2473135073802647,0.4660656096837607,0.1405269070731568,-0.1661791902967403,-0.0726499420570689,0.0746915755784509,0.1033671879213522,0.1718798597928044,0.5786589764230254,0.9240703567029852,0.441035452565947,0.0685126718714521,0.2715919452061566,2.366028635351806
20091,20090,4,12.992724418640137,23.46112823486328,17.38446044921875,12.07082200050354,24.37802362442017,17.34911584854126,0.4146220003009944,0.3360658156423142,0.120783933393568,-0.3531812188972481,0.0460436147349128,0.0134825352440657,0.0054717516546599,0.1342442547319743,0.731755742950242,0.9335265123909852,0.6618977397569249,0.1287725030773144,0.593242041005829,11.564314145711863
20550,20549,4,2.183396577835083,-14.84913730621338,-5.922877788543701,2.4417278170585632,-14.557570695877075,-5.307288765907288,0.136449691774839,0.187227778856311,0.1467733965456972,0.0230021159054416,0.0132985295072316,0.0280604671166599,0.126721663733728,0.1326944417704783,0.2110347616726409,0.6858942099018239,0.0813267089205377,0.0059727780367503,0.0300048281661306,1.290480855332905
21030,21029,4,13.069905281066896,8.88497543334961,11.744546890258787,12.948435068130491,8.45628011226654,13.207138538360596,0.0185595166264533,0.1580881381820944,1.0740793287234285,0.0422909746772859,-0.1292426332187233,-0.3460060525533777,0.0029581979095042,0.0421046906349878,1.205664094987485,1.1183590584119114,1.183132650715239,0.0391464927254835,0.8955674079377466,20.18829075729668
21071,21070,4,5.925801753997803,16.834270477294922,26.837013244628903,6.032730340957642,16.660521507263184,27.445551872253414,0.0650275022264281,0.3288935945138291,0.1599458534519726,0.0972962959183405,0.0055917893575951,0.0056824524890544,0.0329323938517061,0.1597906791446176,0.3611438771959062,0.7442223795292843,0.2647823406977443,0.1268582852929115,0.2678874459567167,3.3115283530633
21490,21489,8,-13.87132167816162,-24.19408226013184,-21.76575088500977,-13.370434403419496,-23.54427599906921,-21.977537631988525,0.4921081645759244,0.1064920187581606,0.6497937609926794,0.0862648617510615,-0.2801685289942384,-0.1137488376579085,0.0804162475692049,0.2799001583948155,0.8880775383627441,1.117315507959486,0.7079193353807338,0.1994839108256106,0.3407118624810057,3.3231775168236704
21570,21569,4,-18.08597946166992,-16.70022201538086,-20.537841796875,-18.93327379226685,-16.913118362426758,-21.15822172164917,0.421979468642121,0.0811093180218449,0.3729587496279691,-0.0275368892425831,0.0176401727378561,0.1706583837521975,7.13481208819422e-06,0.4237424277569516,0.4522979737228953,0.9359741109090224,0.2404231924383754,0.4237352929448634,0.2507846525253885,251.7798968810353
21631,21630,6,16.47630500793457,-26.49828338623047,6.960776329040527,17.199374834696453,-26.57075786590576,6.095015128453572,0.1498875652898479,0.1574494322082197,0.6386193089081504,0.0297353333999126,-0.0580532776034235,0.0847190834884562,0.104838638221975,0.1826260556530194,0.658491612531224,0.9726028513253592,0.5147592655937268,0.0777874174310443,0.3011904598527938,2.506192570514492
21691,21690,4,-11.955764770507812,5.835798263549805,-18.77553367614746,-11.908543825149536,5.006154894828796,-18.18193387985229,0.0442651776072011,0.340952138147756,0.2807188838585261,0.0361629798647697,-0.0322551725420225,-0.1281542551459438,0.0384168613647959,0.1792455735867436,0.4482737646619439,0.8160491404403802,0.3394425471861741,0.1408287122219477,0.2933580347732795,3.415943832032307
21791,21790,6,-17.428014755249023,-19.15122985839844,-12.84218692779541,-16.229230403900146,-19.198219935099285,-13.342387517293297,0.5570820915568978,0.1113174327143092,0.5600486421270843,-0.0538517201763776,-0.4195611304962767,0.0493183007239268,0.1048977218291907,0.1393253046207131,0.9842251399483884,1.1083538092135976,0.8621136267234364,0.0344275827915224,0.4930993945033582,3.0631213252635967
21830,21829,5,-24.21882057189941,-13.27594757080078,-17.321094512939453,-24.53507080078125,-13.246024322509763,-17.928729629516603,0.2315136548122973,0.4716557950055721,0.1125936360584455,-0.1478626295160938,0.0346094728754542,-0.07120074542574,0.0984596045913324,0.161116819326903,0.5561866619580798,0.9031960395596934,0.426398449998962,0.0626572147355706,0.2776387309038688,2.3767376242361027
22091,22090,5,18.687519073486328,8.932883262634277,16.802053451538086,20.00467109680176,8.928420257568359,16.771401786804198,0.5470368778944248,0.0993430224099574,0.2565313653626072,0.0513291614493937,-0.0624980594206135,0.0470668334331276,0.0767997460798607,0.2625393902363886,0.5635721293507401,0.950216430960331,0.3939025611926153,0.1857396441565279,0.2220593879574209,2.708911779577702
22331,22330,7,-8.961451530456543,-7.92757511138916,-3.344067335128784,-9.744871003287178,-7.395738465445382,-3.666442734854562,0.5438840754253835,0.2218719762402876,0.2214427386260542,-0.0858184748804164,-0.1427599815208256,0.0340958848997495,0.1672594333452398,0.2004900137109188,0.619449343235567,0.9935787791069844,0.4355746197074877,0.0332305803656789,0.1955273858135483,1.9244542357031664
22370,22369,5,-13.75261688232422,-8.935626983642578,-1.3237135410308838,-13.391769790649414,-9.472068595886231,-0.7055648446083069,0.1714220445263345,0.4849748214166174,0.3040926706273288,0.1886689602467231,0.1715138870492001,0.0847498079258435,0.0235788194398468,0.2923975834836171,0.6445131336468165,0.9800456808589488,0.4865249321850845,0.2688187640437702,0.3153295340132888,5.228232078674813
22450,22449,6,-26.01637077331543,18.407928466796875,23.15524101257324,-25.99065971374512,19.034595489501957,24.072081565856934,0.2307127662885856,0.4211074768560744,0.2083227667192962,-0.0387233661307012,-0.0150988936711655,0.1514074781728898,0.1294597696214074,0.2247129739772202,0.505970266265329,0.9274389520954772,0.3288838944660152,0.0952532043558128,0.1553965232567743,1.9769472575874076
23090,23089,4,8.0032958984375,0.3398080170154571,-19.536273956298828,7.250314474105835,0.1298319585621357,-19.03342914581299,0.2858710103533326,0.1205824703560442,0.2057529006733602,0.1048236609146657,-0.1618836557825034,0.0374444924491577,6.752377308405505e-07,0.1869568809247503,0.4252488252202558,0.7824361835847937,0.3317700471390152,0.1869562056870195,0.3636260624898115,793.5845614668083
23410,23409,4,11.473980903625488,-6.226479530334473,2.4404561519622803,11.094516038894652,-6.126652717590332,2.3566914200782776,0.1372855212554782,0.3270722501246155,0.2422841907976867,0.1240875565006263,-0.0058545086457257,0.1366679386776468,0.0475790566633088,0.2004971128758492,0.4585657926386228,0.8406199867822445,0.3345277078690437,0.1529180562125403,0.2592341774273843,3.1045089329031508
24271,24270,4,-16.553251266479492,-14.134774208068848,-10.916265487670898,-16.438526153564453,-14.23465061187744,-12.08497166633606,0.0819800001900148,0.0790515563408007,0.599647519276175,-0.0626837032182265,0.0051275638484185,0.0601999821205936,0.0140258114533514,0.1401272569544459,0.6065260073991934,0.872169178432138,0.5294494731952947,0.1261014455010945,0.5050577812492338,6.575983513019693
24390,24389,7,20.07176971435547,-21.99261283874512,2.6875362396240234,20.29879896981376,-21.79611451285226,1.3941208379609245,0.3980773728593592,0.2554795624047092,0.3865525590991417,-0.0444219491429827,-0.0161959628358113,-0.0127684016966594,0.240841215382098,0.3832603443406554,0.4160079346404567,1.019857585333957,0.10395715477908,0.1424191289585574,0.0240514222369241,1.3142724431699395
24870,24869,6,21.797378540039062,-17.664724349975586,14.478504180908203,21.50688107808431,-17.601395924886067,13.901075522104898,0.5154064970394959,0.1960439785867088,0.1266012986681188,-0.0047626620097515,-0.0753989646623772,-0.0355217977743854,0.0992550276525083,0.209270173908808,0.5295265727330075,0.9154516777494724,0.3752639719523494,0.1100151462562997,0.2134329762944669,2.3097640739133225
25151,25150,4,0.5761433839797974,24.43439674377441,-1.9528706073760984,0.0398425348103046,24.433884620666504,-1.6098731756210327,0.1705764255704011,0.2958080307371347,0.0959696220764882,-0.0480497973260973,0.0036337260461625,-0.0505771752539772,0.0831475047605156,0.1564288496028769,0.3227777240206315,0.7499027126127923,0.2029895468389352,0.0732813448423612,0.1430308342787604,1.9702764533509485
25250,25249,5,-24.47976493835449,-27.59150505065918,12.057842254638672,-24.34615020751953,-26.965390396118163,11.031235885620116,0.3412788955750875,0.140417432494869,0.3916210148444952,0.0723057685731328,-0.0013717081734648,-0.1712493130640359,0.0399845153642147,0.3464971080559332,0.4868357194943035,0.934514495828958,0.2935949077842295,0.3065125926917185,0.2054069773650814,3.4893561523733254
25270,25269,5,26.7999210357666,24.583568572998047,11.562561988830566,27.237996292114257,24.69310188293457,11.750415229797364,0.3011531080040731,0.2942461474391166,0.2041479233312566,-0.1956814498524181,-0.0157180016959318,0.1827456299124605,0.0097062632305293,0.2355461841959941,0.5542947313479236,0.8941740204090293,0.4316685076346618,0.2258399209654647,0.3513201832032835,7.556911614753626
25330,25329,4,-22.85364151000977,12.559399604797363,24.44510841369629,-23.41607141494751,13.241924047470093,24.60608291625977,0.307268481280289,0.3063826228014363,0.0100340895824047,-0.0963611673029163,-0.0326683638004396,0.0221046509386724,0.0059878127799274,0.2107246431340153,0.4069727377501876,0.7897374207064842,0.2986165097932162,0.2047368303540879,0.3100640098354171,8.24420063475885
25631,25630,7,18.59916305541992,27.393383026123047,22.650787353515625,18.952448436192103,27.77113151550293,22.28344999040876,0.3157819918910997,0.4377688260636724,0.3327721127517383,0.1382668211538527,-0.0416229210598857,0.1885009398455232,0.1157095715582872,0.361959992353052,0.6086533667951715,1.0422681664075282,0.3698185848395018,0.2462504207947647,0.1544323553678661,2.293508592782351
25830,25829,4,27.37807273864746,-12.024480819702148,18.243871688842773,27.76930332183838,-11.712614059448242,17.743741512298584,0.1751158345969088,0.1786397607593244,0.133952916287626,0.0208275720615347,-0.0297839606087109,0.018415061743326,0.1085352213712559,0.1802327619972729,0.1989405282753304,0.6983613045149762,0.0545565365910659,0.071697540626017,0.0287220650500499,1.3538678810650548
26091,26090,7,-6.263210773468018,-4.363441467285156,-26.801708221435547,-6.6765738895961215,-3.681219237191336,-26.541134970528734,0.1506872825310317,0.3990908009403524,0.4555017086654979,-0.1225315873683085,-0.1281754826064496,0.1469629608912012,0.0861050371147736,0.2783570671404116,0.640817687881697,1.0026364207113576,0.4585866357541044,0.1922520300256379,0.2355286841440096,2.728054022334279
26310,26309,4,26.113481521606445,12.895700454711914,-25.61714744567871,26.19212055206299,12.429569244384766,-24.82345962524414,0.0921717318296941,0.2115240585203537,0.3150548331450409,-0.0895056575773196,0.0905751036061701,-0.1221935317007592,0.0413698323847267,0.1363838067145384,0.4409969843958236,0.7866070324470084,0.352120164846191,0.0950139743298117,0.3415399106694781,3.2649454472210544
26610,26609,5,-9.913285255432127,10.226198196411133,-11.207320213317873,-10.054564476013184,10.606406211853027,-11.62427215576172,0.0264448028519836,0.1637045094856148,0.9872961859551286,0.0225996304216096,0.1147880193057062,0.1846805282324567,0.0129159249999065,0.1242207229751043,1.0403088503177165,1.085101607358835,0.971740526330211,0.1113047979751978,0.6878147856039397,8.97466795195631
26930,26929,4,8.529955863952637,-2.411654472351074,24.86762046813965,9.435432195663452,-2.97978276014328,25.02965402603149,0.4508958133835108,0.2642125571347655,0.0252668730834102,-0.1025486451680848,0.1024617359527155,-0.0030123948808125,0.0002568487051068,0.2252948155844762,0.5148235793121037,0.860450604974909,0.402047747167312,0.2250379668793693,0.3641739532265071,44.77035360706778
27330,27329,4,15.946489334106444,18.930551528930664,-1.1082656383514404,15.86094069480896,18.45907735824585,-1.3151324540376663,0.3625519687640803,0.0930942397978924,0.1406712087311017,-0.0681469212219099,-0.0450651494859677,0.0518688562681219,0.0556200013915497,0.1491898828293542,0.3915075330721705,0.7722159136492037,0.2891025909617186,0.0935698814378045,0.2535101350724499,2.6531057674996634
27350,27349,4,19.67791175842285,19.86211585998535,3.83596134185791,19.29313087463379,19.08487892150879,3.5690608620643616,0.2146833071983565,0.3360356029679678,0.2797921509039263,0.1527322853426085,0.2399286653817398,0.1390735586729761,0.0028637259865913,0.1955887249264724,0.6320586101571866,0.9113237959530356,0.5328323847006546,0.192724998939881,0.4520016914871537,14.856378163463136
27951,27950,4,-9.357892036437988,22.96681404113769,1.341243028640747,-9.650606155395508,23.301082134246823,1.8367900550365448,0.1736267206501907,0.1557377746964903,0.1550704547240426,-0.0485246490075041,-0.0072148224883221,-0.0340654627311352,0.0980237205258924,0.1675524324511635,0.2188587970936674,0.6960136134234182,0.0860707206051394,0.069528711925271,0.0470171337550903,1.494226425948728
28111,28110,4,26.999799728393555,-4.939317226409912,-19.33736038208008,26.478975296020508,-4.961575269699097,-18.393282413482662,0.202007593901726,0.0633517258748384,0.4197617593551968,-0.0532839405502727,-0.1366726255428147,0.0417847132379165,0.0451651091563311,0.1457111934711325,0.4942447765042979,0.8277204112088584,0.398806625190566,0.1005460843148013,0.3549895472174852,3.3080305523479203
28651,28650,4,17.862979888916016,-8.077582359313965,12.999577522277832,18.03595972061157,-8.326982975006104,13.673170566558838,0.4662077158998272,0.106909336630224,0.4486023768088216,0.1730840788711702,0.3913889283637672,0.1039644285376653,0.0164878673535325,0.1073878564115955,0.8978437055737446,1.0108013797670008,0.8359058436911805,0.090899989058063,0.6752835834146581,7.379350330884521
28751,28750,4,25.80493927001953,19.66805076599121,12.725855827331545,25.60363483428955,20.434215545654297,13.03396987915039,0.1710430428292966,0.2190940915643295,0.1583655585795895,-0.0524656540546857,0.0006093778752074,0.1323992120060211,0.0438266322718309,0.1697759571654312,0.3349001035359534,0.7406096765322578,0.2280988088173223,0.1259493248936003,0.2124825830584279,2.764321750825599
29030,29029,4,-1.0918947458267212,13.782593727111816,-17.33832550048828,-1.9420994222164156,13.562909364700316,-17.511600017547607,0.4889100038699565,0.0381435575229147,0.2673059450833079,0.1001537097860918,-0.1885261846266104,-0.0455562470616541,0.0167234459667149,0.1601279394829456,0.6175081210265185,0.8912684817024435,0.5290824283016883,0.1434044935162306,0.4680642854339905,6.076569243051595
29330,29329,4,1.688150405883789,17.18192481994629,-23.18510627746582,0.840169258415699,17.488341331481934,-23.070825576782227,0.2671962341797266,0.201157958586009,0.3084415333705692,-0.0434623651852135,-0.0632823043888635,-0.2027694856833477,0.0230853822412784,0.2861905747471882,0.4675197691478383,0.881360156880435,0.312881790653605,0.2631051925059097,0.248277082557951,4.500196265961562
29830,29829,5,18.112491607666016,-6.872738838195801,-16.647722244262695,18.706662368774413,-6.709399604797364,-16.264148902893066,0.2599287288155756,0.1506928500016693,0.2262603148455673,0.0609183358414884,-0.1136207508914231,-0.0379936082128369,0.1179267321629937,0.13900034000141,0.3799548214984083,0.7980488040607617,0.2514912854162064,0.0210736078384163,0.1567505724362312,1.7949809670269272
29970,29969,5,0.8373919725418091,20.239717483520508,25.33822250366211,0.0579532071016728,20.231838989257813,25.314686584472657,0.2245010945377081,0.1071238597543561,0.3207639045498217,0.0529227224089102,0.0291152144108462,0.0675017606432084,0.0747953808361627,0.2225612529620213,0.3550322250437019,0.8077059234906514,0.2063539081446099,0.1477658721258586,0.138525482705272,2.1786953084795724
30550,30549,4,5.333332061767578,-0.7883641719818115,6.897963523864746,5.757076978683472,-0.4756886810064316,7.23440408706665,0.1485390378202851,0.1339977348588419,0.2544570074561534,0.0108188564983571,-0.0771580962775715,0.0212562818299915,0.0973002072267674,0.1434283463327359,0.296265226575777,0.7327985945232703,0.1759009497960253,0.0461281391059684,0.1128337366095994,1.7449518897766143
30751,30750,5,-4.126898288726807,16.755794525146484,22.216983795166016,-3.83300986289978,17.018509674072266,21.538040542602538,0.1631285826008388,0.2943784675365896,1.248923553695786,0.1251746567301961,-0.4350693944089835,-0.3473622343251191,0.0102605987253135,0.1826125292182337,1.513557475889666,1.3063041773772344,1.4171209119178922,0.1723519304929202,0.6973133694452355,12.145435922109106
30991,30990,6,-28.04595375061035,-9.703615188598633,-12.936273574829102,-26.64493529001872,-10.086931864420572,-12.760148366292318,0.8288053409068098,0.0868049688593196,0.2590333410227888,-0.1321541781421223,0.1971149294829754,-0.0498839305183133,0.0622895714454748,0.19797267386374,0.9143814054797031,1.0838097853354702,0.7842502828250957,0.1356831024182651,0.4557628187536929,3.83138700105544
31291,31290,4,16.113801956176758,-20.1471004486084,-13.000771522521973,16.753222942352295,-20.106723308563232,-13.296740055084229,0.2131471194613823,0.219324308944806,0.1365866841736078,-0.0028904349926506,-0.0087841977494917,-0.1345115063420507,0.0367887599173461,0.213505080379197,0.318764272283253,0.7543594054426552,0.1936173521349813,0.1767163204618508,0.1880916260869752,2.943589499652013
31990,31989,4,19.907079696655277,3.2296142578125,14.868125915527344,18.7014422416687,2.4617168605327606,14.932390451431274,0.6832206064671027,0.3893577823717917,0.0189079222847681,0.4173443242299157,-0.0130746982925984,0.0377274886881835,0.0026548643975019,0.1099594116727159,0.9788720350534452,1.0447422223322187,0.9225648970183362,0.1073045472752139,0.7216747361278398,19.201793239550863
32150,32149,4,-26.006465911865234,-19.588666915893555,-4.820431709289551,-25.860816955566406,-20.370206356048584,-4.839941382408142,0.0283472933006123,0.2850419841968232,0.3424011752412497,-0.0169944237968593,0.0840176635283569,0.0752975314816808,0.0027839239944033,0.2486908424230735,0.404315686321208,0.8098088989006511,0.2785783031124696,0.2459069184286701,0.2859094329727567,12.051236474765268
32550,32549,4,-10.63924503326416,-24.657514572143555,0.8262500762939453,-10.81788969039917,-24.51713752746582,0.6202958798967302,0.4906656665100399,0.2785209766243497,0.1205148360089522,-0.3370147828031804,0.0413458891439619,-0.0996200666578905,0.0020758363061624,0.1361345685974287,0.7514910742397515,0.943239884198788,0.6823858717879558,0.1340587322912662,0.6052908262835669,19.0267828474977
32651,32650,5,-6.550865650177002,6.781050682067871,-23.755083084106445,-6.920151615142823,6.351795864105225,-23.626110458374026,0.4346375957877536,0.5359222411994414,0.166193270618387,0.4651365839845584,0.1411501897224661,0.0861660366625801,0.0011079983101655,0.1517116535185911,0.983933455776825,1.0661862443333163,0.9075236298624466,0.1506036552084256,0.6505225758560385,29.79979763331422
32751,32750,6,-23.27933883666992,-0.1134149432182312,-10.796090126037598,-23.90804258982341,0.6573536321520805,-11.20892604192098,0.1974681644683692,0.4382392729605844,0.1331591269673835,-0.0734161043522926,0.0336401434335837,-0.0825540203391443,0.1092223028240531,0.1782348590633114,0.4814094025089724,0.8768503660239512,0.3376808215652901,0.0690125562392582,0.1989329854602219,2.0994310679276658
33311,33310,6,27.564054489135746,1.1164625883102417,-14.214532852172852,27.136728286743164,2.492078642050425,-14.213621457417808,0.5352907909752199,0.5548761410633195,0.1489613419746294,-0.3041200815246156,-0.0850215531181675,0.0269291511577055,0.1249754221948815,0.2560682575869554,0.8580845942313311,1.1131613872270132,0.6675627543404126,0.1310928353920738,0.2986305972416896,2.620310433668793
33391,33390,5,-19.940465927124023,-13.653131484985352,3.6676442623138423,-19.80728759765625,-12.947674751281738,3.7894566535949705,0.1279892117227427,0.2015107209179404,0.2899412527165941,0.0184546357988438,-0.0471942038446104,0.0174205249031274,0.1097472869392366,0.205561965440523,0.3041319329775176,0.7870458597548666,0.1464773067876378,0.0958146785012864,0.0738608173489854,1.6646928517964068
34290,34289,4,3.431913137435913,-16.42281723022461,-16.817411422729492,4.329364120960236,-16.101006269454956,-16.689029216766357,0.3930324223775692,0.1443523100494417,0.0851449628451064,0.0526339180781718,-0.0258763737092806,-0.0299973647603337,0.0725578441451915,0.1431866543708057,0.4067851967561202,0.7890055102926199,0.2989129474981216,0.0706288102256141,0.2402061670648705,2.3677747499240804
34351,34350,5,15.282212257385254,27.521522521972656,-24.6818962097168,14.339496421813966,27.03196792602539,-25.31266212463379,0.2751944570334308,0.2499794110329821,0.4045963115000631,0.1142949343856889,0.1225253088210593,-0.0436514360364526,0.1023049461396872,0.3464025546161149,0.4810626788106738,0.964245912392931,0.2567089284327727,0.2440976084764277,0.1279244795870015,2.1684655008023546
34470,34469,5,-26.555095672607425,9.8446683883667,12.855470657348633,-26.550475311279296,10.172596168518066,12.352203178405762,0.1471157602814491,0.263403952343433,0.3612639043201488,-0.0779720475389331,-0.0052894850187294,0.1863708717712506,0.0708214244972393,0.1884161907115543,0.5125460017362371,0.8785121609545486,0.3829271941318403,0.117594766214315,0.2635854035099519,2.6901970745007167
34731,34730,4,-5.520028591156006,-3.402143716812134,19.700143814086918,-5.000497579574585,-3.064845442771912,19.928153038024902,0.2131918672204733,0.0532715369663918,0.5153963756774829,0.1018430742473981,0.0395755973879659,0.0301560237149942,0.0035579163637199,0.2536375565391902,0.5246643069614377,0.8842283527824404,0.3960665705099827,0.2500796401754702,0.3333421008785771,12.143472470244902
35430,35429,4,-19.55554962158203,5.243587970733643,23.794330596923828,-19.98518705368042,6.142991065979004,23.819549560546875,0.1258386609340505,0.3888387772869919,0.1231184026055416,-0.1934770651553208,-0.0508183593929061,-0.0141040422981859,0.001532976241853,0.1446362641604838,0.4916266004242472,0.7986212123570122,0.4185419802230787,0.1431032879186307,0.4683972832569142,17.90811911911544
35970,35969,4,0.4562658369541168,-25.19877052307129,-16.45793342590332,0.1868932582437992,-26.204476356506348,-16.179363012313843,0.3140247080702365,0.5511472553234853,0.0992315500854488,0.3215039837021827,0.1181124230223167,0.0296976801148503,0.0091446546174171,0.1675705939962711,0.7876882648654824,0.982040484643668,0.6993306405586383,0.158425939378854,0.5460719833223726,9.280973528936329
36431,36430,4,-18.036108016967773,-6.811675071716309,-26.80636215209961,-18.03749084472656,-7.247876167297363,-26.384275913238525,0.4190528100716619,0.1227417230987839,0.1269707602284597,-0.0242173084805017,-0.166870858402035,-0.0430160184782835,0.026198526676141,0.1477531942844881,0.4948135724382766,0.8177807122932809,0.407837711957962,0.121554667608347,0.396678446596197,4.34592640366202
36710,36709,4,-6.584066867828369,-19.687883377075195,-3.489020586013794,-6.350253105163574,-19.62899875640869,-3.0246329307556152,0.3048630989670755,0.0776988483275999,0.2272604754724341,-0.0330009500473806,-0.1529319138138305,0.0807217639546706,0.0366001946079286,0.1333450374881555,0.4398771906710256,0.7809112771417185,0.3549045746229835,0.0967448428802269,0.3575769585146153,3.4667619724220198
36930,36929,6,-17.874937057495117,27.433528900146484,13.338678359985352,-17.451730410257976,26.9266726175944,13.121318022410074,0.6138899733395091,0.7825357821756268,0.2124149218187135,-0.550049980610816,0.3047026819351938,-0.3273040321353417,0.0441608721662221,0.1446350767497551,1.420044728417874,1.2684008346472542,1.3256467539598853,0.100474204583533,0.6818622367411209,5.670641487895887
37110,37109,5,-16.82952308654785,-3.0549418926239014,7.9680633544921875,-16.660668563842773,-2.844347095489502,8.354617023468018,0.1955692205499508,0.3380726328674791,0.2462247288624349,0.1558866721841513,-0.0011430006251612,-0.19339746436734,0.0262926801885151,0.2156224315115253,0.5379514705798246,0.883100550492335,0.4169939147298043,0.1893297513230102,0.3301067402302134,4.52328674716481
37890,37889,4,18.9987735748291,-24.139162063598636,-11.363653182983398,18.6767258644104,-24.46712017059326,-11.37702703475952,0.2098695445172325,0.1490150505642304,0.31475726238682,-0.0302479639444754,-0.2283452509802828,0.0526501094086597,0.0272910901936111,0.1396672933100988,0.5066834739645732,0.8207568808534493,0.4232042822127183,0.1123762031164877,0.4155485572162817,4.308815788296731
38011,38010,4,17.221391677856445,-2.776927947998047,11.589838027954102,17.194249629974365,-3.1304692029953003,11.129321336746216,0.0448647708897169,0.6976113271739592,0.1972126942716272,0.1068775655522245,-0.0578764530345097,0.0393541051630847,0.0066129727473908,0.2166871832123482,0.7163886363755643,0.969375465098691,0.6047385583956947,0.2100742104649573,0.4516424890807853,10.408208359316784
38470,38469,6,11.134166717529297,13.31521224975586,6.350439548492432,11.490157127380373,12.81002696355184,7.151321331659953,0.2089181840719902,0.3227635046452077,0.2735364661012846,0.1011713712435569,0.0028347130056923,-0.1524020577760565,0.0963219533236626,0.233947907266234,0.4749482942285859,0.8973394869381836,0.3098133639336375,0.1376259539425713,0.1699476088272162,2.2205498413205653
38571,38570,7,25.189373016357425,-10.039077758789062,-1.833639979362488,25.247941698346818,-10.148328508649554,-1.4230419397354126,0.2819737476035085,0.651557280917902,0.1880203940952794,-0.2067276534738511,2.949124203561828e-05,0.0571526936938653,0.1628441498312211,0.2098028743604985,0.7489043984249704,1.0590332490609962,0.5625808863291105,0.0469587245292774,0.2529269116846817,2.144505231574953
38731,38730,4,-28.232006072998047,-3.773836135864258,5.202383041381836,-29.041921615600582,-3.837061583995819,6.316627502441406,0.5376755101005983,0.0522736690871106,0.5172361542513499,0.0887225522092194,-0.4683887096293802,-0.0842613403441987,0.036524693101616,0.0591009272144311,1.0115597131230107,1.0522287457768191,0.9637469029649872,0.022576234112815,0.7579909948047271,5.262625606575538
38911,38910,7,-10.216289520263672,24.74015045166016,-6.940308570861816,-10.989358629499163,24.886144365583142,-7.010375159127372,0.5149745740077286,0.7445499447197533,0.3025658900753059,0.2203158705408209,0.1913655357007994,0.4229921525926997,0.0400102781178654,0.387342868491758,1.1347372621931635,1.2498361527827506,0.9210606888883518,0.3473325903738926,0.3847475776043542,5.325518197817842
39350,39349,4,-21.162813186645508,-23.812646865844727,20.65358161926269,-21.476590156555176,-23.66792058944702,20.744532108306885,0.1901266048034813,0.0520095807885354,0.4944571977182477,0.0135442123387292,-0.0274038483007643,-0.1384731965947594,0.0120765342005858,0.1876855840948299,0.5368312650148492,0.8582501868978911,0.4369502058671414,0.1756090498942441,0.3945195278910309,6.66726539386409
39910,39909,4,16.736722946166992,-13.09559154510498,-26.2285099029541,16.700324535369873,-13.113539218902588,-26.02259397506714,0.0734921417049463,0.3511986482978955,0.4567099932162364,-0.0634919056317357,-0.0715167056812333,-0.2749889181288836,0.000712835202792,0.1963675437228516,0.6843204042934343,0.9388294750480932,0.5857802148306125,0.1956547085200596,0.4786519066382959,30.983835293543677
39990,39989,5,-4.435990333557129,13.010997772216797,-6.786503314971924,-4.483874893188476,12.092791175842285,-7.13151216506958,0.3975971053327521,0.3003700131156074,0.1863096299810422,-0.0502802174930729,-0.1345148564705596,0.1010405546925539,0.0950645695588269,0.2845725529621933,0.5046396259083813,0.940359903669548,0.3148210646478712,0.1895079834033663,0.1611970155009486,2.303993936471622
40171,40170,5,-21.979572296142575,12.422042846679688,-23.103172302246094,-22.0162654876709,12.398689270019531,-23.491547775268558,0.2699891140224645,0.372551643985571,0.1242903287749504,0.063636086718543,-0.0886647305898077,0.1118826746853301,0.0337207151888071,0.3111842655954022,0.4219261059987764,0.8756889212402916,0.2494736156066717,0.277463550406595,0.204031458336669,3.5372830269376463
40431,40430,6,17.212337493896484,20.954978942871094,20.916933059692383,17.185163180033367,21.819597562154133,20.76250394185384,0.2895326821567828,0.2754434906302979,0.222075190884627,0.0941543728526489,0.021856851561501,-0.045436389908395,0.1536544610476125,0.2549544788210191,0.3784424238030763,0.8871591535185263,0.1741379538687605,0.1013000177734065,0.0613775227100572,1.569377134897512
42651,42650,6,-22.01693153381348,-8.859140396118164,25.73807144165039,-21.829067548116047,-9.630228837331137,25.70043690999349,0.1542662984762096,0.3880407675495057,0.2800425173138339,0.006416902850156,0.0795564489979167,0.1872563457525554,0.0836842055582394,0.2022220792768316,0.5364432985044788,0.9068349261798146,0.3934901560869432,0.1185378737185922,0.2445408687696482,2.531862773696285
42850,42849,5,25.90566062927246,17.363201141357422,-14.844801902770996,25.11213607788086,17.82756805419922,-15.18202304840088,0.2188068834651494,0.3132463249246939,0.1457691416260786,-0.1052929546269297,0.0395991810448322,-0.0139202004320395,0.1200182864206895,0.1717380778507714,0.3860659857444612,0.8232996720611045,0.2401878036087307,0.0517197914300818,0.1299320387238712,1.7935234487199092
43730,43729,5,-27.800216674804688,19.853424072265625,16.369461059570312,-27.384413528442384,19.19269981384277,16.374854278564452,0.3719175027371966,0.1336565354539197,0.2297610990537214,0.0064073598648246,0.116273289375531,0.0227975140917988,0.1255624286661659,0.1717321638618866,0.4380405447167852,0.8575168437091122,0.2893932484527589,0.0461697351957207,0.1578405431775595,1.86778679852129
44210,44209,4,21.77012252807617,-23.173540115356445,-25.76252555847168,21.417450428009037,-23.499800205230716,-25.758645057678223,0.1330952811010775,0.3889325708212254,0.1655639148166301,-0.1305980348377033,-0.0016413363905485,0.0850950957596978,0.0662464555895819,0.1564485496662533,0.4648967614830976,0.829211533168065,0.35354925885518,0.0902020940766713,0.2772932776653942,2.649091364448258
44310,44309,5,-10.525264739990234,-18.611543655395508,-8.757628440856934,-10.604510498046874,-19.10752639770508,-9.19571418762207,0.328578376430014,0.1358733976847725,0.1325801985416183,-0.0056820477125438,-0.0279777704139996,0.0134075002836471,0.1191733089428168,0.1450791463788753,0.3327795173347125,0.7726784406571758,0.2006532896738664,0.0259058374360585,0.1143649877706421,1.671047498903056
45510,45509,5,7.012345790863037,-20.757062911987305,-11.18407154083252,7.081823825836182,-21.297442626953124,-11.51109561920166,0.2587688295111547,0.2179836662363959,0.2047932098017918,-0.1213952021820659,0.0914348230410723,-0.0626930539862951,0.112402472514098,0.1506365558311515,0.4185066772040928,0.8255578147830365,0.286987163031468,0.0382340833170535,0.1796710404973782,1.929582107977122
45691,45690,4,23.163667678833008,5.820289611816406,-20.62765312194824,23.53925371170044,6.682448506355286,-20.461116790771484,0.1640530926804331,0.4217007512695971,0.155104057112112,0.0107698863518521,0.0995346349618557,-0.1105737292464255,0.0388290577293386,0.2383830929225387,0.4636457504102649,0.860731027128767,0.3250396750843262,0.1995540351932,0.2469018966961771,3.455530383840193
46710,46709,4,-12.307920455932615,-18.00042724609375,5.816621780395508,-13.139612913131714,-18.0601224899292,6.218441128730774,0.2600431347433982,0.1513703070932024,0.1882271500841597,0.0555601492098958,-0.1528230360081863,0.0238145529186795,0.0409680014210554,0.1738686701495141,0.384803920350191,0.7743646375711901,0.2773855845649062,0.1329006687284587,0.2508273616435432,3.0647662400410427
47131,47130,5,-15.863999366760254,26.52957534790039,20.933616638183597,-16.047402763366698,25.98922996520996,20.69501838684082,0.4088370908708748,0.207404962850851,0.138390721148462,-0.1578342078287096,-0.041636365590748,0.0018935541283281,0.1082103521737192,0.1471803307015602,0.4992420919949077,0.8686960198309804,0.371546750557268,0.038969978527841,0.2444129269914983,2.147935282797824
47631,47630,4,-14.562989234924316,14.417479515075684,24.23448371887207,-14.940519332885742,14.971176624298096,24.73779392242432,0.1496783621073518,0.3267862619552488,0.4343712523013892,0.0643307274458493,0.1235859294483816,0.3577627831059544,0.00993010361844,0.1289180421297274,0.7719877306158223,0.954377219114114,0.7025636577417386,0.1189879385112873,0.6077638902523109,8.817151617611886
48831,48830,6,23.12375831604004,-3.996356010437012,10.720693588256836,23.787788073221844,-4.77998423576355,10.423060099283854,0.2105154642551699,0.4343910305405908,0.1556544761923659,-0.0611519701079335,-0.0555438577070567,0.0834225869915977,0.1151441664814958,0.207334124354013,0.4780826801526181,0.8947407283610862,0.3168435347348637,0.0921899578725171,0.1665851488022087,2.0376544396776635
49471,49470,5,24.85301971435547,18.550443649291992,24.443714141845703,24.674601364135743,17.85665855407715,24.6818416595459,0.6293655901777674,0.2279990438159438,0.0833524565264815,-0.1326263810235832,-0.0082338051308761,-0.1071104188912431,0.0178606421391736,0.2526920078266951,0.6701644405543238,0.969905712180412,0.5348881155713894,0.2348313656875215,0.3700379971040327,6.125508623445135
49890,49889,4,12.8253173828125,-13.220052719116213,-7.654868125915527,12.540770053863524,-13.737867832183838,-6.845998287200928,0.0446308600396605,0.1790513317630484,0.6118947405894914,0.0728623419802261,-0.0883003138538924,-0.0059167938023847,0.0024663469787569,0.2071447992822328,0.6259657861312106,0.9140989729740432,0.5211602130007156,0.2046784523034758,0.4340200171160225,15.93118975325031
52511,52510,5,4.519283771514893,6.458685874938965,-27.52657127380371,4.122515392303467,6.929460334777832,-27.66553192138672,0.2503920936630129,0.2935171191013614,0.8926723946927814,-0.0369581603238748,0.3407737514573091,0.2988496908445449,0.0011737539237088,0.312043441040409,1.1233644124930375,1.1985748234704228,0.9667558150109786,0.3108696871167001,0.4879896406751015,30.93654445017204
53030,53029,4,-23.397951126098636,6.094189643859863,26.07227897644043,-22.89221572875977,5.408061265945435,26.41786766052246,0.5019225692649343,0.2286064660566467,0.0422301760863774,-0.1967429885214642,0.0343406773254173,-0.0820348843371903,0.0071902020167722,0.1524537291172434,0.6131152802739426,0.8790672394122979,0.5332933147069348,0.1452635271004711,0.5027622214729999,9.234226517477133
53590,53589,4,-18.79761505126953,17.430652618408203,-7.927688121795654,-17.76789903640747,18.01909589767456,-8.516860961914062,0.4333244130145885,0.1944493496746417,0.4846560730069313,0.2553175313366864,-0.3597299398347786,-0.2710893666098855,0.0207992679892721,0.0983920613327588,0.9932385063741308,1.054717893892088,0.9336428417131152,0.0775927933434867,0.708043909820192,6.910393031485455
54971,54970,5,-27.14150619506836,-2.9298410415649414,-18.35952377319336,-26.769977951049803,-2.5659845590591432,-18.332996368408203,0.1458620644791517,0.4473246478589976,0.2029306673779501,-0.0406979412429609,-0.0312842475199431,0.17756777761183,0.1072355596746671,0.1418229488612507,0.5470588711801814,0.8922541004198856,0.4225296169122224,0.0345873891865836,0.2830982594128904,2.258643151596205
56290,56289,4,-18.98464584350586,-10.843379974365234,8.08653450012207,-18.966980457305908,-10.231418371200562,7.668843030929565,0.1372379582396661,0.2193558123169054,0.1550416307164255,-0.0231826760049216,0.0360594538695977,-0.0050633288455514,0.1068802862488969,0.1761182197945843,0.228636895229516,0.715286936322059,0.0871376422077754,0.0692379335456874,0.0427411612053962,1.462595904046466
56671,56670,4,8.105522155761719,13.079530715942385,-23.458044052124023,7.219271779060364,12.837133646011353,-23.74552154541016,0.3308330926795833,0.1472248168085457,0.1407584144271823,0.0967562278404727,0.1631944897708308,-0.0020793572230104,0.0234787835204025,0.1473839871373345,0.4479535532575747,0.7866487932459515,0.3625221679287062,0.1239052036169319,0.3732675348866596,4.367960447841123
56770,56769,6,18.91629409790039,13.516822814941406,8.578789710998535,18.505183537801106,13.080633481343588,8.273221492767334,0.5574807454961248,0.1958238345367944,0.1529593072132987,0.0730498606479967,0.0051939026852778,0.024118363809066,0.1402918813464033,0.1940682364095156,0.5719037694902983,0.951978932144098,0.4047237106123388,0.0537763550631123,0.202078811580417,2.019041333752297
56991,56990,5,5.363567352294922,-20.47626495361328,-27.00602531433105,5.414997673034668,-21.272897720336918,-27.743191528320317,0.1896869736467488,0.3275370008777827,0.2233841890637996,0.0099133037334468,-0.0060221536144308,0.2255885897808184,0.0431306622772246,0.190444802695384,0.5070326986157224,0.8605859420117964,0.3902449661294181,0.1473141404181593,0.3073237678440332,3.42866394523012
57871,57870,4,-21.523801803588867,23.22711753845215,-18.35039520263672,-21.598982334136963,23.518996238708496,-18.186848163604736,0.0166962249465996,0.3702451398830817,0.315245591908706,0.0250840600779156,-0.0693097990108526,-0.1989194346792828,3.385394980143152e-05,0.1507836167553536,0.5513694860332325,0.8379659639498418,0.475960750680655,0.1507497628055522,0.4940160068755569,127.61939776989443
59851,59850,5,8.672781944274902,10.076057434082031,5.225841522216797,8.812989234924316,10.069773483276368,4.408986377716064,0.6446255531565839,0.1915953965367953,0.2946587174327396,-0.3290783301234114,-0.2283635666678492,0.0993516929948418,0.0169370946197046,0.1971239459834748,0.9168186265229392,1.0634282613914858,0.8097881062213493,0.1801868513637701,0.5317954474126256,7.357364240403561
60331,60330,5,21.9708251953125,0.7107183933258057,24.66943359375,21.7191951751709,1.4858047008514403,24.50803871154785,0.2216337772604311,0.226004978259433,0.1553145136518287,-0.0473104541422071,0.0181558484959532,0.0449034246643077,0.1188704189134557,0.2089312829774037,0.2751515672808334,0.7765006562596666,0.1112507163354036,0.090060864063948,0.0507765287253214,1.5214199223356122
62271,62270,5,10.995370864868164,1.2543246746063232,-15.445250511169434,10.719366455078124,2.2521448135375977,-15.66988410949707,0.1386663253981532,0.3609566294113165,0.1380962090619868,-0.0749242396812405,0.0241380464601752,-0.0589202023924826,0.1125609989329935,0.125906429848947,0.3992517350895161,0.7985732050798203,0.2800180206985458,0.0133454309159534,0.1931311111664106,1.883343063166512
62690,62689,4,-5.577648639678955,-20.47073745727539,6.290244102478027,-6.066347718238831,-20.79578399658203,5.497731685638428,0.4519721109211758,0.0416107556575298,0.2911231288848057,0.0609237807616409,0.1920013753086777,0.0661767932563179,0.0245731704805002,0.1665607568408477,0.5935720681421639,0.8858363254368787,0.4980051044814899,0.1419875863603475,0.4273222436732173,4.9148031867898165
62850,62849,4,21.21888732910156,23.51957893371582,15.75465965270996,20.920341968536377,23.869293212890625,15.344751358032228,0.0342152842283667,0.3144275195063528,0.2537696832127949,-0.0298725186175943,0.0617191064607141,0.1393590004713587,0.0017219700092876,0.1733374200659554,0.4273530968722714,0.7761523606531867,0.3398234018346499,0.1716154500566678,0.3790811146700403,15.753629817387203
64511,64510,6,1.0179011821746826,-9.914162635803224,23.17772483825684,1.6364598075548809,-9.47506062189738,23.904032707214355,0.6422802797568296,0.2318862224660481,0.1861867426678145,-0.1601217688612103,0.0553643876685896,0.0681312546334993,0.098206237709592,0.2629623936870426,0.6991846134940574,1.029734550692892,0.51860029779574,0.1647561559774506,0.2573086390940482,2.66824924061031
65490,65489,5,-11.052664756774902,-23.226795196533203,17.53938865661621,-11.963943672180177,-23.0974552154541,18.199700927734376,0.6410819877897301,0.1480182631284697,0.1454335136417649,0.0536648678383789,-0.1038259503825247,0.0908889365487266,0.0350683086646263,0.2350950351594554,0.6643704207358829,0.9667128656224476,0.529288748823842,0.200026726494829,0.3551307103743606,4.352589739870187
68630,68629,5,-7.3720502853393555,7.560417652130127,0.8682796955108643,-7.601770496368408,7.387381362915039,0.8757535621523858,1.0105023085120046,0.3968968653875526,0.2092295502447734,-0.6118154078242424,-0.2776634646762621,0.1753520987433694,0.0191658358344782,0.1240334466282281,1.4734294416816254,1.2714671541743938,1.4018298004502725,0.1048676107937498,0.755073057649035,8.768005021198782
69471,69470,4,-26.801868438720703,11.474902153015137,4.947187900543213,-27.340525150299072,11.12346887588501,3.9558627605438232,0.1764781823173962,0.1692818122476183,0.4983275136121108,0.0730211101110853,0.1009223783128163,0.2170670240880099,0.0568765310325155,0.1483335024129289,0.6388774747316813,0.9187423513570744,0.5362724580089591,0.0914569713804133,0.4124465213423839,3.351523260939653
70630,70629,6,10.77790069580078,20.40164375305176,-14.89854335784912,10.954301993052164,20.641977945963543,-15.249863147735596,0.3490993199755444,0.2847266233446943,0.2912974491327229,-0.0309235228036818,-0.0114317556059025,0.2033974663090703,0.0838404271020851,0.3438267210472434,0.4974562443036329,0.9618333496260988,0.2836226702289687,0.2599862939451582,0.1532230759476191,2.4358509056204283
71771,71770,4,-26.478376388549805,-0.6322422623634338,12.74151611328125,-27.542794704437256,-1.0748172849416733,12.978259086608888,0.6088765700339991,0.1119579531825898,0.0881262423581574,0.1503424339863883,-0.0640489050915675,0.0205986642199746,0.0388771693930372,0.1136891512534465,0.6563944449282629,0.8994224622360433,0.580111284605021,0.0748119818604093,0.5206564868158122,4.108990432565925
71970,71969,4,-14.322044372558594,-24.988359451293945,23.12867927551269,-14.307180166244509,-24.448930263519287,23.53896808624268,0.1608738314127435,0.1782909498440403,0.1296662475297125,-0.0216794178051031,-0.0066606267303086,-0.0002216867601418,0.1277496451917577,0.1479355849216135,0.1931457986731253,0.6847123693833029,0.0553031836164396,0.0201859397298557,0.0153048565265305,1.2295969623062026
72271,72270,5,-3.1413094997406006,-9.518391609191896,-15.54271411895752,-3.156323337554932,-9.932435989379885,-16.463480758666993,0.2998484398986102,0.1938684661559818,0.4724868710383453,0.1161166680445603,-0.2522904523691704,0.0470414265242652,0.0288397564192611,0.2825726006693989,0.6547914200042774,0.9829566506682468,0.4990852414599473,0.2537328442501377,0.3185382985506033,4.7649209052795305
72491,72490,4,-0.1288156807422638,19.934288024902344,7.0479416847229,-1.314277209341526,19.95838832855225,6.982394576072693,0.7357222700083762,0.0433297238132581,0.2966584745554854,-0.1135059334223242,0.3046677395245778,-0.1055088752299298,0.0051200977248456,0.1533664025845451,0.9172239680677292,1.0371646293511556,0.8379807179130336,0.1482463048596994,0.6210884830773851,13.384389676142332
74450,74449,4,25.08555603027344,3.0864429473876958,-4.5739946365356445,25.17850971221924,2.976013720035553,-3.965359389781952,0.3566852878620921,0.091494022098356,0.1318907760580536,-0.0513677150286753,-0.0256496327189665,-0.0314601408414212,0.0630914160937206,0.1490605895657192,0.3679180803590615,0.7616233229218374,0.2618420775293416,0.0859691734719985,0.2202330311426204,2.4148514913827186
75250,75249,4,-5.209881782531738,-15.156288146972656,18.065229415893555,-5.855292558670044,-15.45806360244751,18.50736904144287,0.2679627471225672,0.0845310132001486,0.2294528749380333,0.0811984939311969,-0.0830183184079942,0.0492682594735924,0.0240944639832328,0.218746030137071,0.3391061411404455,0.7628542686914385,0.2176858940802936,0.1946515661538382,0.22383408261932,3.751536643343054
79291,79290,4,21.4687614440918,24.319429397583008,-16.150529861450195,21.55551242828369,24.47014713287353,-15.837952613830566,0.3703675996193851,0.4117172255091645,0.0947631773933608,0.2739581810374147,0.1493724511028631,0.0762598386745594,0.0212815561214421,0.1488791448100876,0.7066873015903805,0.936401624583122,0.6216069511246156,0.1275975886886454,0.5184361337509541,5.76251346836801
79451,79450,5,3.009028911590576,-13.897404670715332,1.499919056892395,2.436047005653381,-13.576205253601074,1.608186912536621,0.4933013134324915,0.1852342447487899,0.1290412368085162,0.1956950537639158,-0.0614588274700002,-0.0415744654302898,0.0866956648215726,0.1211050607406163,0.5997760694276087,0.8986527666400398,0.4958757066465142,0.0344093959190436,0.3783934120351288,2.6302430167502004
79730,79729,5,1.9093663692474363,-12.913116455078123,-22.67922019958496,2.282594585418701,-12.903812408447266,-22.064431762695317,0.5746755624242861,0.2094414384180709,0.2756083158098045,0.2230875286380524,0.3162842346331126,0.1830761248649651,0.0490144098154276,0.1157734716978206,0.8949374351389122,1.0294296074293572,0.812543494382288,0.066759061882393,0.5908806975124155,4.273015307816656
82150,82149,4,-2.5497243404388428,3.0273594856262207,0.1270690262317657,-3.049677073955536,2.519043952226639,0.2100847922265529,0.1522163127074058,0.1776999795837524,0.1570075752629048,0.0252130061373403,0.0284285137038129,0.0213820979843767,0.1255819046723667,0.1479159375108721,0.2134260253708242,0.6977993032054869,0.0766771042792047,0.0223340328385053,0.0263754569704052,1.303647438025428
85970,85969,4,-27.403614044189453,-1.7107568979263306,-10.300451278686523,-28.130921840667725,-1.5264690518379211,-9.941336631774902,0.2077078391291706,0.1423353395571602,0.188508115094919,-0.0853244211394042,-0.0543891389247619,0.073221385959016,0.0724392692498412,0.1428918269746843,0.3232201975567246,0.7338605410984094,0.2155546494444618,0.0704525577248431,0.1730344515828208,2.112332180511679
108370,108369,4,-13.416029930114746,16.68067169189453,-13.286998748779297,-12.949631214141846,16.849300384521484,-13.819765329360962,0.2224965754824097,0.2756369584458298,0.101292516924957,-0.0228337202470356,-0.1069302050540272,0.0044266516206334,0.0387348667590107,0.257951098974851,0.302740085119335,0.774226098018658,0.1543971022524041,0.2192162322158403,0.16665279976232,2.795657286605608
121071,121070,7,9.913973808288574,-23.92692375183105,-15.892281532287598,9.99310084751674,-23.977634157453263,-16.323353903634207,0.2790940479015039,1.2884917113784766,0.30379074730144,0.1422010317012104,0.0121237801945704,0.4858809439359234,0.0937791996380722,0.2745636059587178,1.5030337009846306,1.3679826411842442,1.3188622981862357,0.1807844063206455,0.5036792729838391,4.003419481930208
